emotion,browDownLeft,browDownRight,browInnerUp,cheekSquintLeft,cheekSquintRight,eyeBlinkRight,eyeBlinkLeft,eyeSquintRight,eyeSquintLeft,eyeWideLeft,eyeWideRight,jawOpen,mouthSmileLeft,mouthSmileRight
1,0.0428851731,0.0992452726,0.0024865891,0.0000007496,0.0000015387,0.2613745928,0.1912066638,0.4886472225,0.2548014820,0.0049749264,0.0034759024,0.0114403153,0.6184675694,0.6213760376
1,0.0008546500,0.0033918696,0.4604283869,0.0000011010,0.0000013689,0.5534019470,0.3079726696,0.1741078049,0.3454215527,0.0089525161,0.0003099130,0.0151280630,0.0592939183,0.1355436593
1,0.0068933181,0.0059069102,0.0159202795,0.0000007066,0.0000010853,0.0175054874,0.0172100347,0.0276894532,0.2524060309,0.1012198254,0.0266526397,0.0019869115,0.6429937482,0.7040011883
1,0.0180629008,0.0010378382,0.3498753607,0.0000029422,0.0000026058,0.1312239617,0.2693164051,0.3288924098,0.1567972898,0.0043922300,0.0142074972,0.0767336637,0.8805649877,0.8281001449
1,0.1896332651,0.2864656448,0.0087830760,0.0000028830,0.0000008989,0.2664124072,0.1746583432,0.4867881238,0.5999069214,0.0057208440,0.0025874146,0.3529606760,0.9405647516,0.9350419641
1,0.0163892973,0.0170252509,0.0941479653,0.0000024203,0.0000005774,0.0182687789,0.0557784960,0.2406433374,0.5513308048,0.0162623562,0.0229148809,0.4005897939,0.6032862663,0.7685612440
1,0.0320411883,0.0476452708,0.1459587067,0.0000006728,0.0000004079,0.2189655602,0.3191649914,0.3947375119,0.4587923288,0.0079848059,0.0018028625,0.0145749748,0.0282000192,0.0823718607
1,0.0181865785,0.0010785382,0.1704616696,0.0000010709,0.0000008058,0.0045438632,0.0100763412,0.0041595744,0.0539550595,0.1109591797,0.1144386679,0.3580151796,0.0057714623,0.0241387766
1,0.0337933786,0.0533301271,0.1383340359,0.0000013604,0.0000015884,0.0052155149,0.0101920031,0.0505437441,0.1549020261,0.0555354953,0.0529779419,0.0476187505,0.6713522077,0.6442221403
1,0.7159695625,0.7965205908,0.0000102384,0.0000003081,0.0000003708,0.1658054739,0.1602077782,0.6049500704,0.6913829446,0.0033940338,0.0016695323,0.0086681023,0.0046018525,0.0066371467
1,0.0072013689,0.0183503944,0.0456227660,0.0000000396,0.0000000182,0.3602754176,0.2373920232,0.0875517502,0.1416943520,0.0067543234,0.0010444664,0.0000893597,0.0116771664,0.0182408523
1,0.0539971367,0.0239717513,0.0081245126,0.0000017138,0.0000009522,0.2085063159,0.1773644835,0.4182987511,0.6887315512,0.0062216427,0.0030213343,0.0060757198,0.8940063715,0.8814150095
1,0.0677655786,0.0345796123,0.0095318798,0.0000019137,0.0000013620,0.0572353490,0.1346791238,0.2668263018,0.3263121843,0.0069247796,0.0113599859,0.0527413115,0.8707795143,0.7618504763
1,0.0070905210,0.0031579633,0.2874383926,0.0000008836,0.0000000481,0.0591119826,0.0964784324,0.1971198171,0.2768036723,0.0162409674,0.0095658526,0.0004957662,0.0000884641,0.0003532668
1,0.0110844783,0.0090842508,0.0127164079,0.0000037070,0.0000024525,0.0877447277,0.2029035985,0.5698829889,0.4098269939,0.0031333850,0.0104144271,0.0869044214,0.8334263563,0.7743073106
1,0.0001051849,0.0001477845,0.4594824612,0.0000030646,0.0000020270,0.0083262054,0.0105855912,0.0635579228,0.1188607290,0.0839262381,0.0968200043,0.1573330313,0.6112650633,0.6686462760
1,0.0285947025,0.1495965272,0.0279051531,0.0000001223,0.0000000715,0.3267472684,0.1537416875,0.3872098923,0.5945965052,0.0123431198,0.0005793094,0.0146428971,0.0000056308,0.0000060161
1,0.0007004256,0.0065842108,0.3062050939,0.0000020646,0.0000045391,0.0474219285,0.0489186235,0.2646553814,0.2039100379,0.0147808725,0.0171508547,0.0977849960,0.0460195653,0.0067696865
1,0.6730873585,0.7474285960,0.0001006412,0.0000024300,0.0000005401,0.2206683904,0.2118278593,0.6909772158,0.6928704381,0.0033204430,0.0028056391,0.0653462261,0.8356133103,0.8484611511
1,0.1116694435,0.0524638705,0.0148479762,0.0000002488,0.0000001264,0.4728646874,0.5103403330,0.5338459015,0.6102733612,0.0010037773,0.0004367293,0.0082515553,0.5602619648,0.5595366955
1,0.0241712648,0.0252980832,0.0052884887,0.0000002974,0.0000002343,0.0608252995,0.0325823873,0.2238250971,0.2553289831,0.0258187167,0.0078059598,0.0011186218,0.0940102488,0.2721097469
1,0.2269324511,0.1472545862,0.0067462833,0.0000001539,0.0000002658,0.1165575013,0.0599916577,0.2238682956,0.3180558383,0.0130045554,0.0054697799,0.0050257980,0.6296654940,0.5472558737
1,0.0001484187,0.0000384939,0.8792008162,0.0000079053,0.0000064702,0.0077599883,0.0479644239,0.0372276269,0.1243816689,0.0315163024,0.1104788184,0.0184555072,0.6834352016,0.6596025229
1,0.1175272465,0.1285326779,0.0053907204,0.0000011595,0.0000031428,0.1185983866,0.0844813585,0.1660254747,0.3307622671,0.0227360167,0.0108890524,0.0160704646,0.9167040586,0.9372811317
1,0.0018993819,0.0013069173,0.2130984962,0.0000153614,0.0000056486,0.0241181906,0.0445046946,0.1429451704,0.1070413515,0.0168226492,0.0406942964,0.0340699106,0.5549535155,0.4973268211
1,0.4210548401,0.3642415702,0.0009027081,0.0000031299,0.0000007116,0.3361957967,0.4674460590,0.7354972363,0.6262778044,0.0018768598,0.0012462770,0.0451770611,0.8924096823,0.9126017094
1,0.0042607808,0.0027700786,0.0672959015,0.0000019144,0.0000015377,0.0674208477,0.0760512576,0.1613198519,0.5521060228,0.0230614524,0.0107351532,0.0272536371,0.7512162924,0.8355558515
1,0.0121629154,0.0268645175,0.0575444736,0.0000001176,0.0000006381,0.0042093033,0.0031035140,0.0314189978,0.0305510052,0.2053229511,0.1150523648,0.0128529863,0.1233494207,0.1947356015
1,0.0916946828,0.0729250833,0.0094339140,0.0000035647,0.0000022313,0.0716561973,0.1043587774,0.1770993173,0.5813901424,0.0161455907,0.0111533869,0.0207666494,0.8771084547,0.8807957768
1,0.0080803344,0.0118077509,0.1227562129,0.0000002167,0.0000003790,0.1791946590,0.2564683557,0.3453249931,0.3502296805,0.0022450802,0.0022801296,0.0012042479,0.1826750189,0.1164796576
1,0.0684994310,0.0602314025,0.0015562434,0.0000009647,0.0000002127,0.3615795970,0.5787868500,0.4368605614,0.4432307482,0.0007390626,0.0012426482,0.0004939975,0.6376281977,0.7060561180
1,0.0063084792,0.0053129387,0.1561068892,0.0000045446,0.0000037049,0.2946116626,0.3586723506,0.2831984460,0.2079402506,0.0023959889,0.0050990595,0.0159064811,0.9034397006,0.8712297082
1,0.0002009319,0.0074666981,0.4488321245,0.0000006375,0.0000042262,0.0050636055,0.0112016052,0.0272491984,0.0432976261,0.0760563985,0.1029032022,0.0030762295,0.6450675726,0.5935628414
1,0.0011462293,0.0007435877,0.4450998604,0.0000024335,0.0000032581,0.0046437033,0.0115242451,0.0375100486,0.1249018610,0.0580997653,0.1329582781,0.0062879259,0.0001491560,0.0000487747
1,0.2921505570,0.1759375185,0.0035700935,0.0000011008,0.0000017248,0.1319017112,0.1808557808,0.4818864167,0.6166983843,0.0045332061,0.0041433615,0.0763624310,0.7621191144,0.5548878312
1,0.0051033790,0.0425833762,0.0045060837,0.0000013977,0.0000009217,0.0303519014,0.0081648855,0.1155555248,0.3726709485,0.1227372736,0.0110510234,0.2509920597,0.5155248642,0.6008012891
1,0.0027717839,0.0033366245,0.1526597440,0.0000005011,0.0000012295,0.0246806312,0.0233438164,0.0187361483,0.0436565503,0.0507226437,0.0327371359,0.0525863208,0.0037857704,0.0030403258
1,0.0666562468,0.0415760800,0.0111119002,0.0000019997,0.0000008043,0.0751779974,0.2789473236,0.3067401648,0.2868512273,0.0028817302,0.0087578725,0.0240673907,0.8658844829,0.7566167712
1,0.7441666126,0.7994309068,0.0000156964,0.0000009812,0.0000013134,0.0874798596,0.0691500530,0.6062005758,0.6086602211,0.0101963580,0.0056016664,0.0041888840,0.5536005497,0.5411771536
1,0.8716329932,0.8704116940,0.0000461177,0.0000044033,0.0000035191,0.5547380447,0.4630894065,0.7982295752,0.9034973979,0.0016770524,0.0019327878,0.0664136186,0.9709788561,0.9662609100
1,0.0001203149,0.0001328895,0.8443130851,0.0000050471,0.0000027128,0.0922542363,0.0565508418,0.2956459820,0.5542464256,0.0147596458,0.0084284768,0.0016474025,0.1968905926,0.1292405427
1,0.0067154812,0.0022914796,0.1570047289,0.0000043743,0.0000007695,0.0835711882,0.1437638253,0.3984938264,0.4643570781,0.0057307882,0.0087879216,0.2620191276,0.8312444687,0.7769367695
1,0.1360346675,0.0727442056,0.0259275269,0.0000010974,0.0000009461,0.3418441117,0.3153249323,0.3278968930,0.5489716530,0.0029144210,0.0007864899,0.0089647733,0.3542280495,0.2619703710
1,0.2020662278,0.2445376366,0.0015800797,0.0000009611,0.0000016528,0.2671188414,0.1810441613,0.3625302315,0.4928705692,0.0068880157,0.0032282986,0.1088842899,0.7880524397,0.8337694407
1,0.0004351872,0.0005637414,0.3715408742,0.0000044619,0.0000023855,0.1251274645,0.2276517898,0.3421956897,0.4826158881,0.0035462538,0.0111661525,0.0023609078,0.7701941729,0.7253845930
1,0.0146051245,0.0075769401,0.0215030946,0.0000031480,0.0000016477,0.2146751285,0.2662881017,0.3724453151,0.5030011535,0.0037084487,0.0043656100,0.1175730377,0.8238872886,0.7890460491
1,0.0037147843,0.0035703278,0.1744799763,0.0000034879,0.0000092723,0.0812655166,0.1304731518,0.1773627102,0.2830157578,0.0133583583,0.0169813037,0.0234046634,0.9163349271,0.8138538599
1,0.0002418841,0.0008156100,0.6027714014,0.0000033796,0.0000047744,0.0376421064,0.0393770412,0.2608040869,0.1356656998,0.0173186921,0.0270930193,0.0781276971,0.0074004843,0.0008353341
1,0.0002806521,0.0002153720,0.5868704319,0.0000035490,0.0000017560,0.0362216048,0.0151925087,0.1038242653,0.1379294991,0.0861258060,0.0263800658,0.0093591213,0.7798510790,0.8689938188
1,0.0178128202,0.0091133602,0.0144612081,0.0000037719,0.0000014513,0.0141945137,0.1522170752,0.2860535979,0.1968476027,0.0033162578,0.0357752070,0.0112087065,0.1386813819,0.2077897638
1,0.0213182308,0.0445660613,0.0035467814,0.0000069805,0.0000024859,0.0463929325,0.0177498106,0.1802918166,0.4000642598,0.0555316806,0.0116339922,0.0604886748,0.7732412219,0.8771595955
1,0.3659033775,0.3172758222,0.0016792765,0.0000009589,0.0000013032,0.0319290385,0.0492963865,0.1063429043,0.4407702386,0.0261616521,0.0223877430,0.0072060241,0.8765491247,0.8746937513
1,0.0007741071,0.0012513562,0.6692327261,0.0000019361,0.0000007794,0.6892312169,0.7033224702,0.4453659654,0.2666342258,0.0003284443,0.0003841498,0.0008635460,0.0057902271,0.0044280412
1,0.0061162757,0.0065361736,0.0372919999,0.0000004489,0.0000018544,0.0095264576,0.0165828317,0.1630947143,0.0875755996,0.0235461090,0.0417782031,0.0188169815,0.0049746353,0.0030000855
1,0.1178864762,0.0813069418,0.0014020636,0.0000010051,0.0000001996,0.4921227992,0.3269302845,0.4991454482,0.8594143391,0.0029062806,0.0004534076,0.0011454826,0.6207584143,0.7561022639
1,0.0017845111,0.0026181792,0.4771744609,0.0000156546,0.0000013477,0.3248255849,0.2536046505,0.2692886293,0.2779648006,0.0062448354,0.0025961590,0.1021360978,0.6541842222,0.7383905053
1,0.1690483987,0.1007483825,0.0124103241,0.0000027642,0.0000030171,0.2346861213,0.5533987880,0.6072839499,0.6761848927,0.0010530204,0.0048426813,0.1077633426,0.6674190760,0.5110514760
1,0.5036054850,0.5145170093,0.0006070918,0.0000020059,0.0000009041,0.4422244430,0.4857535660,0.7152672410,0.7419220805,0.0015698702,0.0006478526,0.0366921946,0.8494520187,0.8546041250
1,0.0606940538,0.0529901646,0.0034185408,0.0000031165,0.0000004508,0.0622386411,0.1085042581,0.3636386096,0.4421352744,0.0069371886,0.0115343584,0.6948071718,0.6795296073,0.7443466783
1,0.0326751955,0.0896471739,0.0073973290,0.0000050185,0.0000043800,0.0911161527,0.0768925101,0.3820548952,0.5084897280,0.0152919739,0.0124936802,0.0514954068,0.5907486677,0.4470336735
1,0.0810954496,0.1077217460,0.0633752272,0.0000024612,0.0000007519,0.1237861514,0.0957751051,0.3645773828,0.4299342334,0.0167045463,0.0054837787,0.0148670496,0.7668419480,0.8548055291
1,0.7583951354,0.7777718306,0.0002386029,0.0000010306,0.0000009541,0.5201759338,0.2700900435,0.5370638967,0.7684549689,0.0032639799,0.0004377031,0.0914709643,0.7899812460,0.8593531251
1,0.0297224820,0.0933936164,0.0014634243,0.0000011564,0.0000013696,0.0419389307,0.0191764906,0.1302343309,0.1975449622,0.0508216657,0.0168909896,0.0035012416,0.8967134953,0.9073404670
1,0.3666246533,0.1574742347,0.0031862054,0.0000030621,0.0000009724,0.0729365721,0.2179141939,0.1268870533,0.3228867054,0.0060223346,0.0186960381,0.0657128170,0.0186113734,0.0311719552
1,0.0000135401,0.0000184181,0.9499214292,0.0000010842,0.0000032639,0.0091410298,0.1012559310,0.0232500993,0.0393771417,0.0145347333,0.1062275469,0.0000980022,0.0203113742,0.0247329064
1,0.3708060682,0.2110430002,0.0000323660,0.0000142404,0.0000256522,0.2003774196,0.7776492834,0.1202606112,0.4919879138,0.0225643441,0.0180188473,0.3095287085,0.0000371536,0.0001469122
1,0.4941671193,0.4512940049,0.0000812612,0.0000004401,0.0000006135,0.3437205255,0.3470157385,0.5541387796,0.5869771838,0.0020184596,0.0011694622,0.0198471025,0.7955532074,0.7575172782
1,0.4169884920,0.3275005519,0.0115066040,0.0000015688,0.0000030561,0.6688411832,0.7482162714,0.5912417173,0.7019556761,0.0008032140,0.0003828430,0.0572433621,0.8653596640,0.8766757250
1,0.9009267688,0.8966127038,0.0000166842,0.0000002742,0.0000004414,0.3413876295,0.3717749119,0.5614799857,0.6211009026,0.0025951641,0.0012141863,0.0032410778,0.8035923243,0.7965641022
1,0.7800622582,0.7165468931,0.0005645383,0.0000033238,0.0000011602,0.3505190313,0.3169469535,0.5386166573,0.5133441091,0.0023930054,0.0026087528,0.2117440253,0.9636740685,0.9612286091
1,0.0000605073,0.0001084038,0.7260602713,0.0000025860,0.0000011052,0.2174002528,0.0947287157,0.1575808972,0.1121821851,0.0174760371,0.0056244838,0.0058589140,0.6224385500,0.6918790340
1,0.0042095766,0.0022922831,0.0856763199,0.0000027192,0.0000002862,0.1734072119,0.2211516052,0.3546157777,0.6172963977,0.0056262491,0.0032505346,0.0029210520,0.8456481695,0.8915748596
1,0.0024424177,0.0012455911,0.1268650591,0.0000170628,0.0000044000,0.4929793477,0.7199419737,0.5795906186,0.4692642689,0.0006982207,0.0023819662,0.0277654398,0.9637792706,0.9581921697
1,0.0074901986,0.0091992719,0.0412565470,0.0000019687,0.0000009506,0.0809451491,0.1246628016,0.1910154074,0.4041102529,0.0131191099,0.0081552761,0.0065228916,0.8452335596,0.8916929364
1,0.0209018067,0.0155228665,0.0267127957,0.0000024838,0.0000017754,0.0586150177,0.1224732772,0.2722675502,0.3151260316,0.0102978768,0.0119018471,0.0042537139,0.8316472173,0.8594685793
1,0.3088999391,0.1636357456,0.0056668986,0.0000032804,0.0000039290,0.2708924413,0.3030352294,0.5038074851,0.4407849312,0.0020117450,0.0038619915,0.0390746854,0.8990079165,0.7839791179
1,0.0914616659,0.1429438442,0.0026201014,0.0000013385,0.0000005342,0.2213037461,0.1027328074,0.3932531774,0.6045511961,0.0103313709,0.0021353054,0.0617306232,0.7708257437,0.8134222031
1,0.0584794506,0.0740627125,0.0239227209,0.0000016863,0.0000010902,0.4551967978,0.5678871870,0.6198283434,0.6542073488,0.0023436171,0.0007626373,0.0052462998,0.8427592516,0.9035995603
1,0.0112249414,0.0302998405,0.1022587940,0.0000046619,0.0000032374,0.0111062182,0.0359272361,0.0515526459,0.1119495109,0.0289720949,0.0467963926,0.0072588143,0.1459522843,0.1579978019
1,0.0047556171,0.0049244757,0.2459151745,0.0000069226,0.0000036559,0.2502373755,0.2467290759,0.4295431972,0.4856542349,0.0038364851,0.0034299621,0.0673694164,0.7049040198,0.6757974625
1,0.0013475593,0.0009779927,0.5963616967,0.0000030702,0.0000061590,0.0509459563,0.0864024162,0.1158726066,0.2285673320,0.0135918120,0.0257326998,0.0022636238,0.9600436091,0.9097258449
1,0.0019222321,0.0023348837,0.0694009811,0.0000021459,0.0000011517,0.0134424809,0.0374954790,0.2367339134,0.2345606685,0.0179526769,0.0271768607,0.1170066595,0.0337282270,0.0172128007
1,0.0158199128,0.0045944345,0.2087567747,0.0000081953,0.0000021234,0.1911623627,0.2074034363,0.5048700571,0.7754281163,0.0068707112,0.0055582765,0.0626578629,0.9072132111,0.9177497625
1,0.0088322721,0.0215424690,0.0686551258,0.0000027449,0.0000022988,0.0214043353,0.0385792293,0.1681677550,0.2617446780,0.0323069394,0.0374652967,0.0419883169,0.9261999726,0.9172169566
1,0.0016030204,0.0028242762,0.2882780433,0.0000002985,0.0000000848,0.0358397886,0.0379299223,0.0400394276,0.2651965618,0.0398419537,0.0121121742,0.0005546807,0.0001147613,0.0001797010
1,0.0029394932,0.0046942933,0.0705093518,0.0000020612,0.0000013424,0.0422978066,0.0751394331,0.2863947153,0.5294350386,0.0127935158,0.0169826671,0.3083697259,0.8161290288,0.7514473796
1,0.0342496373,0.0241580978,0.0279453900,0.0000006368,0.0000006500,0.0322105214,0.0261039361,0.1941229701,0.2991248071,0.0288220868,0.0281402823,0.0294507258,0.6300363541,0.6635817289
1,0.0007834761,0.0002228455,0.2893641591,0.0000011285,0.0000002023,0.0113258744,0.0262972508,0.0440039150,0.1339534521,0.0324668512,0.0342788287,0.0865305737,0.0000727360,0.0002151618
1,0.0715885535,0.7278685570,0.0015923467,0.0000002624,0.0000003946,0.3615848720,0.2958555818,0.4902129173,0.4764864445,0.0017690817,0.0006234064,0.0021835256,0.0201938432,0.0391595140
1,0.0007709670,0.0011800560,0.4279113114,0.0000023825,0.0000011759,0.2427518666,0.0726764947,0.4896183610,0.4970317483,0.0191807356,0.0030835425,0.0073757796,0.3954863548,0.3294108510
1,0.1793694645,0.3591939509,0.0107540218,0.0000006541,0.0000007640,0.1364421546,0.1576849222,0.2704708576,0.3657323122,0.0140099805,0.0041297162,0.0014224721,0.8200783134,0.8240824342
1,0.0017725787,0.0022718678,0.3357867002,0.0000020115,0.0000023944,0.3943733573,0.4193626046,0.6135510206,0.6669159532,0.0022075849,0.0026666943,0.3719506264,0.7105199099,0.6886460781
1,0.0449192785,0.0686056316,0.0124130128,0.0000097001,0.0000029382,0.0961190686,0.0734367371,0.3833656609,0.3872508109,0.0172067918,0.0094247796,0.0243263282,0.9192128181,0.9203324914
1,0.8709799051,0.8888764977,0.0000046861,0.0000020886,0.0000011100,0.4950544834,0.4249699414,0.5547230840,0.7084124088,0.0016991023,0.0015842076,0.1009127721,0.9605519176,0.9596264958
1,0.1310288161,0.1339003891,0.0020985641,0.0000023461,0.0000008268,0.1711617857,0.2432467490,0.3674565852,0.5126547813,0.0026888868,0.0042804573,0.0315886252,0.9059551954,0.8607918620
1,0.1665537059,0.1350182444,0.0072525740,0.0000019579,0.0000010771,0.1280027330,0.1428488046,0.3264023960,0.4322835207,0.0068365731,0.0050424258,0.0119143771,0.7872682214,0.6843438148
1,0.0127381450,0.0071151089,0.0551826246,0.0000061266,0.0000028140,0.5812379122,0.7167509794,0.2759709656,0.2776336670,0.0002927869,0.0008042149,0.1051731706,0.5143260956,0.3669194579
1,0.5043078661,0.5316834450,0.0010316942,0.0000046016,0.0000030154,0.3568229377,0.3794094920,0.6874721050,0.8339589238,0.0034366497,0.0018989642,0.0246939659,0.9144411087,0.9212451577
1,0.0129667344,0.0117000770,0.0646165609,0.0000019269,0.0000014976,0.0461863577,0.1215495095,0.3177855611,0.4042282104,0.0071182265,0.0222489480,0.0116193732,0.8543757200,0.6008670330
1,0.0582699291,0.0267769638,0.0297820345,0.0000064523,0.0000018754,0.0728471428,0.1527415663,0.4728171527,0.5749318600,0.0072584269,0.0105541339,0.0751162246,0.8419799805,0.8522454500
1,0.0295326468,0.0238434952,0.0897360072,0.0000097862,0.0000021669,0.5500618219,0.7646725178,0.5771591663,0.4872435331,0.0004211115,0.0008068663,0.0469701700,0.8291901946,0.8681411743
1,0.2488534898,0.1964846998,0.0021622283,0.0000019215,0.0000018639,0.0610153116,0.1130430177,0.2112252861,0.3338500857,0.0102696205,0.0102289170,0.0388316549,0.8508238792,0.7764119506
1,0.0009044760,0.0009494988,0.2134814262,0.0000000752,0.0000000360,0.7839930654,0.6418600082,0.2270953357,0.5349078774,0.0031589561,0.0000640645,0.0023442574,0.0000141339,0.0000239094
1,0.0547364466,0.1092553288,0.0224574339,0.0000035111,0.0000010809,0.2417163402,0.3867870867,0.3893534839,0.4737345874,0.0017285985,0.0022802369,0.0035333855,0.4961810410,0.4153231680
1,0.2083923668,0.0986771584,0.0072922632,0.0000033095,0.0000023512,0.0439632945,0.0802741125,0.2286215276,0.3605728745,0.0106688356,0.0242093150,0.0832096487,0.9157317877,0.8385728598
1,0.0025551287,0.0017242176,0.4576268494,0.0000033597,0.0000011100,0.0121619059,0.0215239115,0.1148137599,0.2272153795,0.0327424966,0.0512156300,0.0327070244,0.7753848433,0.8209440708
1,0.0007772015,0.0022394001,0.0706886277,0.0000028745,0.0000021764,0.0192540530,0.0144905001,0.0443132855,0.0469406359,0.0601215586,0.0466667898,0.0036142576,0.8290950656,0.8244032860
1,0.2330998480,0.0995957926,0.0073351664,0.0000013662,0.0000014737,0.0881624147,0.1211182028,0.4875965118,0.6155143976,0.0067800949,0.0084378915,0.1130872816,0.8001002073,0.6055181026
1,0.0003890970,0.0003916428,0.5161035061,0.0000018504,0.0000016202,0.0213320050,0.0860955641,0.0830587894,0.1340071708,0.0137246158,0.0466129221,0.1492076069,0.7605309486,0.7745493650
1,0.0002029775,0.0038657114,0.1414892673,0.0000025087,0.0000025360,0.0724653304,0.0487757437,0.1515360922,0.3664890528,0.0451156050,0.0130864531,0.0092257084,0.7530959249,0.7887307405
1,0.0288314801,0.0535623506,0.0313923135,0.0000011179,0.0000003783,0.1242126375,0.2636291683,0.4852070510,0.4189702570,0.0076263971,0.0036078519,0.0271497890,0.5133513212,0.7920094728
1,0.0077094641,0.0631702617,0.0068487087,0.0000025341,0.0000017706,0.2888761759,0.1616504043,0.3895082176,0.5876290798,0.0081048859,0.0021300933,0.0062347711,0.8009237051,0.8622841835
1,0.0016286053,0.0006410632,0.4694496691,0.0000085208,0.0000046550,0.0518330447,0.3004357815,0.1424763948,0.3348852098,0.0025861755,0.0168430023,0.0260905027,0.1192459688,0.0213435628
1,0.1237300187,0.0943358690,0.0059996815,0.0000037133,0.0000010149,0.0490231663,0.0804409310,0.2691707313,0.4784015119,0.0153704137,0.0191145968,0.1069118306,0.8841033578,0.8880677223
1,0.0348996036,0.0456051603,0.2982610464,0.0000008826,0.0000041802,0.0999048799,0.2231645882,0.4643809497,0.3952255249,0.0029584656,0.0081512891,0.0296771061,0.1052695885,0.0346940346
1,0.0281327460,0.0432670005,0.0060483762,0.0000003866,0.0000007301,0.0371436663,0.0401606038,0.1963006705,0.4184389710,0.0264616814,0.0199701190,0.0009726973,0.7898141146,0.7138996720
1,0.0131245237,0.0354658142,0.0551659577,0.0000007605,0.0000002238,0.0150431599,0.0081672268,0.0845807716,0.1101322472,0.1021905243,0.0228135511,0.0235730205,0.0138651589,0.0677084625
1,0.4659762979,0.4776865840,0.0002304175,0.0000007425,0.0000003292,0.0419275351,0.0567368045,0.1811254472,0.4096679688,0.0101415971,0.0058064293,0.0601062849,0.0025915662,0.0031301498
1,0.0027982192,0.0036183470,0.0169213582,0.0000028870,0.0000016077,0.0643389672,0.0680349022,0.2445731759,0.4119146764,0.0164721757,0.0125903413,0.0053327088,0.8379473686,0.8135163188
1,0.0089598345,0.0075305840,0.1241817176,0.0000057676,0.0000073897,0.0816281363,0.1477220654,0.2712184787,0.2591786981,0.0109761637,0.0194725376,0.0231125038,0.9460503459,0.8930549622
1,0.0002179258,0.0000377048,0.7644923329,0.0000011661,0.0000016671,0.0186692923,0.0704897493,0.0769545734,0.1348914951,0.0180021040,0.0338378251,0.0173574351,0.0412113778,0.0176989213
1,0.0030276463,0.1289319098,0.0018097466,0.0000000347,0.0000008761,0.7689673901,0.1887017637,0.0184944794,0.6003021598,0.0084646344,0.0001577616,0.0237781256,0.0006109762,0.0006727698
1,0.0019111953,0.0125092985,0.0095826965,0.0000003689,0.0000002115,0.2493434399,0.1139716879,0.2155448794,0.5870013237,0.0125254896,0.0010661843,0.0001852890,0.5233464241,0.5009598136
1,0.0670732111,0.0254127178,0.0117599312,0.0000012215,0.0000012304,0.0199505948,0.0902530476,0.2860414684,0.5744113922,0.0055046799,0.0125042526,0.0227939077,0.0060582370,0.0013138471
1,0.0087593412,0.0046190177,0.1905820519,0.0000003048,0.0000001035,0.0962512568,0.1301355511,0.2160177082,0.1786171645,0.0086706346,0.0095368922,0.0001483590,0.7608612776,0.7821850181
1,0.0403784849,0.0573154055,0.0251360703,0.0000026810,0.0000021776,0.0475175492,0.1184891909,0.1590461284,0.3103696406,0.0077194939,0.0149823567,0.0018807602,0.7105907798,0.6923162937
1,0.0313177519,0.0217002928,0.0817107111,0.0000023687,0.0000007203,0.2037647814,0.2107828557,0.2848963141,0.2862345278,0.0076636407,0.0028194608,0.0188271999,0.6716001630,0.6750648022
1,0.0121099195,0.0039649885,0.0449726917,0.0000046288,0.0000031648,0.0833155736,0.1933218390,0.4070244431,0.4160377383,0.0040816679,0.0143053001,0.0086218743,0.8774034381,0.8498240709
1,0.3699652255,0.4539359510,0.0052166735,0.0000034605,0.0000015599,0.2397556156,0.1460050941,0.5411424637,0.6079812050,0.0069136554,0.0020117022,0.1159495190,0.8331851363,0.8539024591
1,0.0087474016,0.0298577007,0.1571027339,0.0000005987,0.0000008844,0.0430506505,0.0087161288,0.0481658764,0.5404717922,0.0842303932,0.0098423157,0.0017322105,0.0225251820,0.0213931333
1,0.0003473678,0.0042565283,0.2804390192,0.0000025896,0.0000014979,0.0174033400,0.0408514552,0.0702273697,0.1327341646,0.0501212329,0.0365372561,0.0568342209,0.1586094201,0.3863416314
1,0.6046787500,0.6788491011,0.0003415846,0.0000012080,0.0000005186,0.0957200155,0.1284933239,0.5718643665,0.4762430489,0.0060978718,0.0082662990,0.0779371336,0.7964167595,0.7896631956
1,0.0031269779,0.0031589363,0.0384823680,0.0000020356,0.0000006586,0.0227390528,0.0493402593,0.1132115126,0.4170553386,0.0355714485,0.0186663736,0.0874414220,0.4114500284,0.7487048507
1,0.1013481691,0.0807586312,0.0048001055,0.0000032879,0.0000012708,0.2369987220,0.2000277191,0.5748026967,0.7270262241,0.0057107010,0.0020698840,0.0082512042,0.7921977043,0.8415893316
1,0.0045970809,0.0911413878,0.0334961228,0.0000008370,0.0000007884,0.2733518779,0.1553227454,0.0502480865,0.2027266473,0.0248334464,0.0016789031,0.0210206565,0.7362114787,0.8940606713
1,0.0220374651,0.0136164092,0.0484889559,0.0000002541,0.0000000900,0.0657799616,0.0282402113,0.3664278090,0.3296647668,0.0262962803,0.0066084489,0.0006207441,0.0415194854,0.0993940160
1,0.0032454373,0.0012563699,0.2970893979,0.0000019180,0.0000005686,0.0330000110,0.0477611497,0.0865084380,0.1435719281,0.0253241863,0.0358598568,0.0014219786,0.8315759897,0.8429959416
1,0.2419206947,0.1790580451,0.0044341986,0.0000018379,0.0000010734,0.1254116148,0.1327929050,0.4817431867,0.6747826934,0.0066283965,0.0060321810,0.0181424078,0.8375058174,0.8499969244
1,0.0031016234,0.0011701203,0.4816696048,0.0000198236,0.0000009323,0.0333440676,0.0191494301,0.1819079518,0.4416692257,0.0476111658,0.0346858762,0.0476261973,0.7549321651,0.8669167161
1,0.0202220473,0.0166286416,0.0247873832,0.0000032457,0.0000017175,0.0906162411,0.1552480310,0.4144063592,0.4368935525,0.0047219712,0.0104550971,0.0192430709,0.6919636130,0.6569526196
1,0.0025782678,0.0013270179,0.1594988257,0.0000000924,0.0000001471,0.0046808096,0.0080178557,0.0058878167,0.1031802073,0.1152421087,0.0526194125,0.0007054934,0.0001085433,0.0002472157
1,0.0009117346,0.0052549718,0.1115078777,0.0000013038,0.0000043548,0.0028454389,0.0150204543,0.1170108840,0.0924133882,0.0412515029,0.1588653922,0.0089426227,0.0000220650,0.0000036981
1,0.0001604130,0.0000399394,0.8720520735,0.0000011788,0.0000002801,0.4454422891,0.3208779097,0.5698524714,0.7202201486,0.0028785863,0.0006325142,0.0333502628,0.0010891834,0.0009652260
1,0.0076377164,0.0116530014,0.1907285899,0.0000039165,0.0000005046,0.0735492036,0.0983618870,0.1919596791,0.3606330156,0.0149188740,0.0059554800,0.0090991575,0.7478290796,0.8496290445
1,0.1944447607,0.1551551074,0.0041780062,0.0000015435,0.0000011089,0.4331128001,0.3825219572,0.6375368834,0.7293229699,0.0027640893,0.0007125465,0.0312242899,0.8323103189,0.8547261953
1,0.0087437425,0.0079986602,0.0269571207,0.0000014114,0.0000010994,0.0296801087,0.0663479418,0.2799196839,0.3650040627,0.0153385354,0.0236860104,0.0219251122,0.5807747245,0.5657429695
1,0.4234956503,0.4980627298,0.0007449769,0.0000009172,0.0000005779,0.5044223070,0.4226038158,0.7776138783,0.8204478025,0.0020732807,0.0004861108,0.0336762220,0.8339169025,0.8669668436
1,0.3247509897,0.2496068776,0.0000749170,0.0000014520,0.0000022993,0.0211702529,0.0452948622,0.2839148939,0.5126038194,0.0210277177,0.0350095294,0.0168316364,0.8279928565,0.8025372028
1,0.0014665165,0.0011029451,0.4524362683,0.0000004334,0.0000034449,0.0011417788,0.0049015805,0.0234616045,0.0622245744,0.0930863991,0.3509660959,0.0403234772,0.0008229550,0.0001432025
1,0.1651728898,0.6394082308,0.0002501596,0.0000002229,0.0000019830,0.4288440347,0.2287574708,0.3647651672,0.5613238811,0.0035957578,0.0007311497,0.0011910092,0.2645291090,0.2316971570
1,0.0588001311,0.1623349637,0.0014804052,0.0000018257,0.0000008013,0.2881574035,0.2506815791,0.5527372360,0.5339974165,0.0043107229,0.0031334769,0.0049018692,0.9268278480,0.9457978010
1,0.6314709187,0.6479170918,0.0019321516,0.0000045649,0.0000032468,0.3386001289,0.5875242352,0.6143564582,0.7017034292,0.0012887280,0.0021819104,0.0238651577,0.9651942253,0.9564773440
1,0.0069513586,0.0033659386,0.1912025213,0.0000025219,0.0000029171,0.5435124040,0.7604894042,0.3140403926,0.2774907649,0.0008339324,0.0016773023,0.0873743296,0.7737404108,0.6815172434
1,0.4207252562,0.3409142494,0.0007011245,0.0000004442,0.0000002472,0.1179007888,0.2243368030,0.3109867573,0.3965350986,0.0025592844,0.0041126451,0.0047088480,0.0302493051,0.0291173495
1,0.0025786406,0.0020917619,0.2910916507,0.0000016899,0.0000021355,0.1257159114,0.0870851204,0.1962980181,0.2461841106,0.0145868408,0.0115591474,0.0075871372,0.5831124783,0.5959988832
1,0.0071494137,0.0551455617,0.0909361243,0.0000012073,0.0000006517,0.0828379691,0.0707953796,0.3741579354,0.5664169192,0.0123273004,0.0081336135,0.0130083803,0.7668392062,0.7904524207
1,0.4493768513,0.3901537359,0.0007681729,0.0000004347,0.0000010136,0.4359102249,0.3551687300,0.4888713062,0.6749265194,0.0046887402,0.0014536434,0.0122374585,0.9258145094,0.8845480084
1,0.0246801656,0.0333247408,0.0132757043,0.0000008692,0.0000023662,0.0889125764,0.1326083243,0.4703930914,0.5814834833,0.0065019466,0.0133030154,0.0007677174,0.0348608717,0.0036943483
1,0.0045871218,0.0038874336,0.0438381135,0.0000007905,0.0000005445,0.3980486393,0.3453324735,0.2616041899,0.6132762432,0.0027186740,0.0004267650,0.0296071190,0.0762314796,0.0849949345
1,0.0003607274,0.0003723561,0.4966980219,0.0000047567,0.0000016922,0.1473764628,0.2388717383,0.2482326925,0.2515224516,0.0046728491,0.0065099224,0.0015588751,0.6668349504,0.6500919461
1,0.0011457909,0.0006573000,0.0551271141,0.0000063706,0.0000050420,0.0158556942,0.0114295734,0.0520186201,0.0657507703,0.0951606482,0.0875722840,0.0600741431,0.8645580411,0.8499640226
1,0.3615648746,0.2843479812,0.0016378032,0.0000004533,0.0000007300,0.1385176182,0.2337784767,0.2346466482,0.2889861166,0.0039056006,0.0038420185,0.0012592642,0.6724643707,0.5740798116
1,0.0002888971,0.0003578646,0.5806449652,0.0000005636,0.0000011998,0.2881813049,0.1622896194,0.1308133602,0.5084228516,0.0061284360,0.0017458191,0.2968507111,0.0000288174,0.0000056525
1,0.0010217836,0.0007711374,0.3220884204,0.0000030847,0.0000109122,0.0089385109,0.0199827943,0.0244434401,0.3003261983,0.0440750718,0.0313974693,0.0380883589,0.0739738494,0.0556825921
1,0.0900013894,0.1007189676,0.0226199906,0.0000008195,0.0000016192,0.0426741838,0.0604507998,0.0806036890,0.4981809855,0.0242932308,0.0120266555,0.0006791144,0.7512995005,0.7904484272
1,0.0735271648,0.0601433776,0.0104295826,0.0000012167,0.0000005902,0.3587273061,0.6192163825,0.6395680904,0.2053375244,0.0005836049,0.0008797943,0.0016613462,0.5101250410,0.5675907135
1,0.0486521833,0.1264424473,0.0141287893,0.0000001637,0.0000000493,0.4524829388,0.3246429861,0.2710181177,0.4717471600,0.0039135539,0.0003847068,0.0042730113,0.0000322891,0.0002037914
1,0.0506741442,0.0479937755,0.0314398296,0.0000017937,0.0000006386,0.0168211684,0.0250935853,0.1346699148,0.2160688937,0.0444573089,0.0309694558,0.0102585619,0.5198343992,0.6587864757
1,0.1564670205,0.1406476498,0.0024171143,0.0000003558,0.0000005345,0.1926811785,0.2401157469,0.2513406873,0.3473512530,0.0058090664,0.0035539356,0.0007669266,0.8369905949,0.7755985260
1,0.0020765488,0.0050150743,0.1959892511,0.0000007557,0.0000006199,0.2788003087,0.2144576460,0.3915012777,0.4916339815,0.0072449185,0.0016669187,0.0045478274,0.1311819255,0.2516768277
1,0.2921734750,0.1555042267,0.0059333919,0.0000022806,0.0000008834,0.4876019061,0.6132782698,0.7658392191,0.8254572153,0.0004825072,0.0004929249,0.1852494180,0.7225447893,0.7465598583
1,0.0072919214,0.2151634693,0.0180218145,0.0000002569,0.0000003299,0.4003355503,0.1244752258,0.1928289533,0.5426280499,0.0106637189,0.0007496754,0.0026549390,0.4386154711,0.7392816544
1,0.0156718343,0.0071687284,0.0388642065,0.0000006518,0.0000002655,0.2668027878,0.2800065875,0.1946522892,0.3074127138,0.0047206134,0.0039059289,0.0333372653,0.0061052539,0.0086081950
1,0.0002402268,0.0000838024,0.6617010832,0.0000004430,0.0000004663,0.0050436151,0.0075391843,0.0118520707,0.0946660712,0.1212582588,0.0754883513,0.0005928441,0.0111134527,0.0159563366
1,0.0418362804,0.1295069754,0.0014019160,0.0000003007,0.0000009083,0.5184824467,0.1766075045,0.1967349350,0.5090054274,0.0039659995,0.0006382212,0.0025323939,0.0799031705,0.0710776448
1,0.1056159511,0.0628484935,0.0023392530,0.0000011089,0.0000003666,0.2194095403,0.1422587782,0.2879282534,0.4421981871,0.0060082958,0.0026696764,0.0010467920,0.8523925543,0.8628097773
1,0.0001819819,0.0000521307,0.8346244693,0.0000050849,0.0000053084,0.0616926178,0.2018758506,0.1495816857,0.1376568228,0.0053501613,0.0302922092,0.0904197618,0.1822007447,0.0803730413
1,0.0913520306,0.0087177483,0.0495335907,0.0000009325,0.0000018365,0.0050626951,0.0240238737,0.0589940362,0.0702911168,0.0330691300,0.1481627971,0.0027345598,0.8654841185,0.7619202733
1,0.2990848720,0.3021975458,0.0001574489,0.0000030730,0.0000004612,0.3383409679,0.2256212980,0.4878201485,0.8274686933,0.0039441776,0.0012314422,0.0991618559,0.8504468203,0.9293820858
1,0.5625573397,0.5814631581,0.0000872994,0.0000001457,0.0000003029,0.2157664001,0.2155071497,0.2870461345,0.5080494285,0.0047379807,0.0023762193,0.0028778706,0.7976278663,0.7844902277
1,0.3548206389,0.3428114653,0.0118458681,0.0000045925,0.0000013111,0.1651545763,0.1189035401,0.4226648211,0.4484139383,0.0092686685,0.0062541249,0.1569290161,0.9386698008,0.9415447712
1,0.0007185401,0.0002632205,0.3810590506,0.0000032181,0.0000031518,0.3670315146,0.2450529933,0.2922115028,0.5211855173,0.0058093835,0.0022251010,0.0290534217,0.6021068096,0.5447912216
1,0.0719018579,0.0093367072,0.0771380439,0.0000080064,0.0000035738,0.1882909089,0.2759106755,0.4492047727,0.5093048811,0.0027473385,0.0068608234,0.0745519400,0.9306942225,0.8711680174
1,0.1880491972,0.1071726605,0.0248646196,0.0000005868,0.0000003751,0.3408775926,0.4220206141,0.5781084299,0.4704202712,0.0013517303,0.0016727635,0.0012462961,0.1418522894,0.0815198869
1,0.0171017889,0.0397912115,0.0323798470,0.0000002299,0.0000004542,0.0265447013,0.0446656793,0.0445496663,0.1357228160,0.0153646562,0.0102192946,0.1314845532,0.0010784848,0.0017896362
1,0.2253150791,0.1374994814,0.0094426740,0.0000004723,0.0000011923,0.0355856046,0.1389154196,0.0820364952,0.3036356866,0.0133645749,0.0182878263,0.0101274913,0.4530782104,0.4198855460
1,0.0009117346,0.0052549718,0.1115078777,0.0000013038,0.0000043548,0.0028454389,0.0150204543,0.1170108840,0.0924133882,0.0412515029,0.1588653922,0.0089426227,0.0000220650,0.0000036981
1,0.0001604130,0.0000399394,0.8720520735,0.0000011788,0.0000002801,0.4454422891,0.3208779097,0.5698524714,0.7202201486,0.0028785863,0.0006325142,0.0333502628,0.0010891834,0.0009652260
1,0.0076377164,0.0116530014,0.1907285899,0.0000039165,0.0000005046,0.0735492036,0.0983618870,0.1919596791,0.3606330156,0.0149188740,0.0059554800,0.0090991575,0.7478290796,0.8496290445
1,0.1944447607,0.1551551074,0.0041780062,0.0000015435,0.0000011089,0.4331128001,0.3825219572,0.6375368834,0.7293229699,0.0027640893,0.0007125465,0.0312242899,0.8323103189,0.8547261953
1,0.0087437425,0.0079986602,0.0269571207,0.0000014114,0.0000010994,0.0296801087,0.0663479418,0.2799196839,0.3650040627,0.0153385354,0.0236860104,0.0219251122,0.5807747245,0.5657429695
1,0.4234956503,0.4980627298,0.0007449769,0.0000009172,0.0000005779,0.5044223070,0.4226038158,0.7776138783,0.8204478025,0.0020732807,0.0004861108,0.0336762220,0.8339169025,0.8669668436
1,0.3247509897,0.2496068776,0.0000749170,0.0000014520,0.0000022993,0.0211702529,0.0452948622,0.2839148939,0.5126038194,0.0210277177,0.0350095294,0.0168316364,0.8279928565,0.8025372028
1,0.0014665165,0.0011029451,0.4524362683,0.0000004334,0.0000034449,0.0011417788,0.0049015805,0.0234616045,0.0622245744,0.0930863991,0.3509660959,0.0403234772,0.0008229550,0.0001432025
1,0.1651728898,0.6394082308,0.0002501596,0.0000002229,0.0000019830,0.4288440347,0.2287574708,0.3647651672,0.5613238811,0.0035957578,0.0007311497,0.0011910092,0.2645291090,0.2316971570
1,0.0588001311,0.1623349637,0.0014804052,0.0000018257,0.0000008013,0.2881574035,0.2506815791,0.5527372360,0.5339974165,0.0043107229,0.0031334769,0.0049018692,0.9268278480,0.9457978010
1,0.6314709187,0.6479170918,0.0019321516,0.0000045649,0.0000032468,0.3386001289,0.5875242352,0.6143564582,0.7017034292,0.0012887280,0.0021819104,0.0238651577,0.9651942253,0.9564773440
1,0.0069513586,0.0033659386,0.1912025213,0.0000025219,0.0000029171,0.5435124040,0.7604894042,0.3140403926,0.2774907649,0.0008339324,0.0016773023,0.0873743296,0.7737404108,0.6815172434
1,0.4207252562,0.3409142494,0.0007011245,0.0000004442,0.0000002472,0.1179007888,0.2243368030,0.3109867573,0.3965350986,0.0025592844,0.0041126451,0.0047088480,0.0302493051,0.0291173495
1,0.0025786406,0.0020917619,0.2910916507,0.0000016899,0.0000021355,0.1257159114,0.0870851204,0.1962980181,0.2461841106,0.0145868408,0.0115591474,0.0075871372,0.5831124783,0.5959988832
1,0.0071494137,0.0551455617,0.0909361243,0.0000012073,0.0000006517,0.0828379691,0.0707953796,0.3741579354,0.5664169192,0.0123273004,0.0081336135,0.0130083803,0.7668392062,0.7904524207
1,0.4493768513,0.3901537359,0.0007681729,0.0000004347,0.0000010136,0.4359102249,0.3551687300,0.4888713062,0.6749265194,0.0046887402,0.0014536434,0.0122374585,0.9258145094,0.8845480084
1,0.0246801656,0.0333247408,0.0132757043,0.0000008692,0.0000023662,0.0889125764,0.1326083243,0.4703930914,0.5814834833,0.0065019466,0.0133030154,0.0007677174,0.0348608717,0.0036943483
1,0.0045871218,0.0038874336,0.0438381135,0.0000007905,0.0000005445,0.3980486393,0.3453324735,0.2616041899,0.6132762432,0.0027186740,0.0004267650,0.0296071190,0.0762314796,0.0849949345
1,0.0003607274,0.0003723561,0.4966980219,0.0000047567,0.0000016922,0.1473764628,0.2388717383,0.2482326925,0.2515224516,0.0046728491,0.0065099224,0.0015588751,0.6668349504,0.6500919461
1,0.0011457909,0.0006573000,0.0551271141,0.0000063706,0.0000050420,0.0158556942,0.0114295734,0.0520186201,0.0657507703,0.0951606482,0.0875722840,0.0600741431,0.8645580411,0.8499640226
1,0.3615648746,0.2843479812,0.0016378032,0.0000004533,0.0000007300,0.1385176182,0.2337784767,0.2346466482,0.2889861166,0.0039056006,0.0038420185,0.0012592642,0.6724643707,0.5740798116
1,0.0002888971,0.0003578646,0.5806449652,0.0000005636,0.0000011998,0.2881813049,0.1622896194,0.1308133602,0.5084228516,0.0061284360,0.0017458191,0.2968507111,0.0000288174,0.0000056525
1,0.0010217836,0.0007711374,0.3220884204,0.0000030847,0.0000109122,0.0089385109,0.0199827943,0.0244434401,0.3003261983,0.0440750718,0.0313974693,0.0380883589,0.0739738494,0.0556825921
1,0.0900013894,0.1007189676,0.0226199906,0.0000008195,0.0000016192,0.0426741838,0.0604507998,0.0806036890,0.4981809855,0.0242932308,0.0120266555,0.0006791144,0.7512995005,0.7904484272
1,0.0735271648,0.0601433776,0.0104295826,0.0000012167,0.0000005902,0.3587273061,0.6192163825,0.6395680904,0.2053375244,0.0005836049,0.0008797943,0.0016613462,0.5101250410,0.5675907135
1,0.0486521833,0.1264424473,0.0141287893,0.0000001637,0.0000000493,0.4524829388,0.3246429861,0.2710181177,0.4717471600,0.0039135539,0.0003847068,0.0042730113,0.0000322891,0.0002037914
1,0.0506741442,0.0479937755,0.0314398296,0.0000017937,0.0000006386,0.0168211684,0.0250935853,0.1346699148,0.2160688937,0.0444573089,0.0309694558,0.0102585619,0.5198343992,0.6587864757
1,0.1564670205,0.1406476498,0.0024171143,0.0000003558,0.0000005345,0.1926811785,0.2401157469,0.2513406873,0.3473512530,0.0058090664,0.0035539356,0.0007669266,0.8369905949,0.7755985260
1,0.0020765488,0.0050150743,0.1959892511,0.0000007557,0.0000006199,0.2788003087,0.2144576460,0.3915012777,0.4916339815,0.0072449185,0.0016669187,0.0045478274,0.1311819255,0.2516768277
1,0.2921734750,0.1555042267,0.0059333919,0.0000022806,0.0000008834,0.4876019061,0.6132782698,0.7658392191,0.8254572153,0.0004825072,0.0004929249,0.1852494180,0.7225447893,0.7465598583
1,0.0072919214,0.2151634693,0.0180218145,0.0000002569,0.0000003299,0.4003355503,0.1244752258,0.1928289533,0.5426280499,0.0106637189,0.0007496754,0.0026549390,0.4386154711,0.7392816544
1,0.0156718343,0.0071687284,0.0388642065,0.0000006518,0.0000002655,0.2668027878,0.2800065875,0.1946522892,0.3074127138,0.0047206134,0.0039059289,0.0333372653,0.0061052539,0.0086081950
1,0.0002402268,0.0000838024,0.6617010832,0.0000004430,0.0000004663,0.0050436151,0.0075391843,0.0118520707,0.0946660712,0.1212582588,0.0754883513,0.0005928441,0.0111134527,0.0159563366
1,0.0418362804,0.1295069754,0.0014019160,0.0000003007,0.0000009083,0.5184824467,0.1766075045,0.1967349350,0.5090054274,0.0039659995,0.0006382212,0.0025323939,0.0799031705,0.0710776448
1,0.1056159511,0.0628484935,0.0023392530,0.0000011089,0.0000003666,0.2194095403,0.1422587782,0.2879282534,0.4421981871,0.0060082958,0.0026696764,0.0010467920,0.8523925543,0.8628097773
1,0.0001819819,0.0000521307,0.8346244693,0.0000050849,0.0000053084,0.0616926178,0.2018758506,0.1495816857,0.1376568228,0.0053501613,0.0302922092,0.0904197618,0.1822007447,0.0803730413
1,0.0913520306,0.0087177483,0.0495335907,0.0000009325,0.0000018365,0.0050626951,0.0240238737,0.0589940362,0.0702911168,0.0330691300,0.1481627971,0.0027345598,0.8654841185,0.7619202733
1,0.2990848720,0.3021975458,0.0001574489,0.0000030730,0.0000004612,0.3383409679,0.2256212980,0.4878201485,0.8274686933,0.0039441776,0.0012314422,0.0991618559,0.8504468203,0.9293820858
1,0.5625573397,0.5814631581,0.0000872994,0.0000001457,0.0000003029,0.2157664001,0.2155071497,0.2870461345,0.5080494285,0.0047379807,0.0023762193,0.0028778706,0.7976278663,0.7844902277
1,0.3548206389,0.3428114653,0.0118458681,0.0000045925,0.0000013111,0.1651545763,0.1189035401,0.4226648211,0.4484139383,0.0092686685,0.0062541249,0.1569290161,0.9386698008,0.9415447712
1,0.0007185401,0.0002632205,0.3810590506,0.0000032181,0.0000031518,0.3670315146,0.2450529933,0.2922115028,0.5211855173,0.0058093835,0.0022251010,0.0290534217,0.6021068096,0.5447912216
1,0.0719018579,0.0093367072,0.0771380439,0.0000080064,0.0000035738,0.1882909089,0.2759106755,0.4492047727,0.5093048811,0.0027473385,0.0068608234,0.0745519400,0.9306942225,0.8711680174
1,0.1880491972,0.1071726605,0.0248646196,0.0000005868,0.0000003751,0.3408775926,0.4220206141,0.5781084299,0.4704202712,0.0013517303,0.0016727635,0.0012462961,0.1418522894,0.0815198869
1,0.0171017889,0.0397912115,0.0323798470,0.0000002299,0.0000004542,0.0265447013,0.0446656793,0.0445496663,0.1357228160,0.0153646562,0.0102192946,0.1314845532,0.0010784848,0.0017896362
1,0.2253150791,0.1374994814,0.0094426740,0.0000004723,0.0000011923,0.0355856046,0.1389154196,0.0820364952,0.3036356866,0.0133645749,0.0182878263,0.0101274913,0.4530782104,0.4198855460
0,0.0944758281,0.5223319530,0.0001472199,0.0000001105,0.0000000818,0.7030459046,0.4377694130,0.2495132834,0.7132496834,0.0020308113,0.0001315047,0.0081140362,0.0000135319,0.0000170803
0,0.5991560221,0.6939618587,0.0000363147,0.0000001126,0.0000001576,0.1492527872,0.1503677517,0.1834515035,0.6864545345,0.0070730448,0.0017487544,0.0019739706,0.0222668648,0.0163777638
0,0.4335632622,0.0020701408,0.0198546592,0.0000001199,0.0000001305,0.1216752529,0.1437776089,0.0748575032,0.2821503282,0.0126704890,0.0093211234,0.0000015466,0.0087294253,0.0046572331
0,0.0068003000,0.0125010014,0.0763658434,0.0000007872,0.0000012800,0.0185126048,0.0224622078,0.0970399454,0.2742379308,0.0345847830,0.0248140488,0.3698478937,0.0000324786,0.0000469036
0,0.1142459139,0.0428881682,0.0005904492,0.0000028146,0.0000012678,0.0087110093,0.0180469919,0.0657128915,0.3326241672,0.0438885204,0.0401893109,0.3411515951,0.0000246658,0.0000100745
0,0.4835496843,0.4599289298,0.0003056696,0.0000002492,0.0000001870,0.3770896494,0.4335861504,0.5216807127,0.5529387593,0.0013159066,0.0008907362,0.0040600295,0.0133541226,0.0212367103
0,0.2379034311,0.2714236677,0.0005605184,0.0000018702,0.0000033913,0.0208527315,0.0560907871,0.0394077152,0.3324576616,0.0224673990,0.0170570482,0.0381788351,0.0137024242,0.0084591899
0,0.0055118557,0.0063305651,0.1031629145,0.0000073437,0.0000033312,0.4208792150,0.3453118205,0.1894950569,0.2029218227,0.0033522849,0.0022853056,0.3966594934,0.0118908798,0.0151029136
0,0.0300651304,0.0399101675,0.0343631804,0.0000003202,0.0000013437,0.0348850973,0.0336465426,0.1266840994,0.1595442146,0.0322076678,0.0187225807,0.0049954066,0.0000010854,0.0000014103
0,0.6465630531,0.6685929298,0.0005070528,0.0000010015,0.0000002776,0.1047361195,0.1357377619,0.3985317051,0.5433427095,0.0045019556,0.0023647195,0.0054704989,0.0003715475,0.0003239599
0,0.7130636573,0.7535245419,0.0000361326,0.0000006170,0.0000001935,0.4688992798,0.3581040204,0.6073597670,0.6134742498,0.0013476907,0.0005710421,0.4322327673,0.0000114136,0.0000125264
0,0.3474469483,0.4013200700,0.0146737993,0.0000001149,0.0000001890,0.4533663988,0.4569977224,0.6231372356,0.4622654915,0.0014709649,0.0003952310,0.0031950681,0.0026277995,0.0060197031
0,0.0787977353,0.0518083461,0.0004897761,0.0000009250,0.0000029863,0.0631943271,0.1023802236,0.4589141011,0.2871771455,0.0055816909,0.0108188931,0.0024372439,0.0585463159,0.0318960249
0,0.0082368385,0.0083345007,0.0819333792,0.0000011568,0.0000004166,0.0855017975,0.1017130166,0.1458311975,0.4066243470,0.0062342533,0.0069829733,0.0012876949,0.0031568259,0.0017995721
0,0.0003523484,0.0001573701,0.7020674944,0.0000008902,0.0000061990,0.0881556943,0.2046993226,0.2934094965,0.2205293030,0.0038774773,0.0171059407,0.0002423906,0.0794154033,0.0297575649
0,0.0230369437,0.0641070530,0.0008468298,0.0000046098,0.0000019091,0.0838226080,0.0624090321,0.4395711720,0.3794236481,0.0135619435,0.0119503289,0.4853174388,0.0084961252,0.0322945751
0,0.1600292474,0.1050592586,0.0000578401,0.0000023819,0.0000005709,0.2533266842,0.3999429345,0.6043535471,0.7685258389,0.0020932655,0.0013105110,0.1250015050,0.1200894266,0.2368097156
0,0.0087604970,0.0070444760,0.0055468623,0.0000009738,0.0000010041,0.0227580722,0.0150959501,0.2131304443,0.2279919088,0.0484231599,0.0214800909,0.5723880529,0.0040672645,0.0102772033
0,0.1406119615,0.0560735315,0.0023338064,0.0000000687,0.0000001424,0.0946467444,0.0986920297,0.1784543693,0.4641825855,0.0100362385,0.0039938698,0.0006776381,0.2442067266,0.1721767932
0,0.0004658792,0.0002403950,0.5406098366,0.0000005457,0.0000000892,0.0350460336,0.2588140666,0.0317030214,0.1880534291,0.0080559924,0.0101208389,0.0011664084,0.0002314822,0.0001691430
0,0.0175092444,0.0717923418,0.0480511934,0.0000015855,0.0000009918,0.2898421586,0.3564318717,0.2616222799,0.1966449320,0.0033791724,0.0014903686,0.0514473282,0.1478271186,0.1858426481
0,0.0296184141,0.0141681554,0.1174933165,0.0000002926,0.0000000355,0.1668575853,0.2218141407,0.3616905510,0.3832636476,0.0045828172,0.0021882339,0.0031679464,0.0001025518,0.0001601036
0,0.1447308064,0.2224697918,0.0133278677,0.0000003816,0.0000001430,0.0083445990,0.0299715661,0.0591960549,0.0512272939,0.0317643024,0.0824894086,0.0020884005,0.0000020899,0.0000022371
0,0.6447868347,0.7571727037,0.0000216436,0.0000009009,0.0000004232,0.5628148317,0.4852624536,0.4576964974,0.8751114607,0.0016537113,0.0007516207,0.0175973475,0.7916628122,0.8400805593
0,0.0024518310,0.0053472491,0.5060021877,0.0000029710,0.0000006770,0.5846216083,0.7045016289,0.4604628384,0.5290040374,0.0007210738,0.0006349139,0.0946529731,0.7315460443,0.7952878475
0,0.0043409369,0.0122965630,0.1885609031,0.0000009361,0.0000039999,0.0022680827,0.0043004025,0.0607924834,0.0240638740,0.1437137276,0.2355960906,0.0017430823,0.0000102730,0.0000155164
0,0.0031918867,0.0019864331,0.3098786175,0.0000006143,0.0000003360,0.0222955700,0.0322377048,0.1897754669,0.2930148840,0.0159596670,0.0319016725,0.0071468884,0.0000011437,0.0000006528
0,0.0022415556,0.0034833117,0.1016631052,0.0000005228,0.0000004882,0.0556784868,0.0659571961,0.0521277376,0.3511913717,0.0205649976,0.0092181321,0.0040113330,0.0334320106,0.0901143923
0,0.0181003101,0.0136185735,0.0115523180,0.0000118109,0.0000067682,0.4166663587,0.2550003827,0.6538206339,0.5808463097,0.0075778109,0.0016622022,0.0738993585,0.9531996846,0.9454715848
0,0.0209456030,0.0001724186,0.0732054487,0.0000029136,0.0000005121,0.0584331974,0.2750641406,0.5207430124,0.3391413987,0.0014792660,0.0131092044,0.0310857762,0.0037861930,0.0004724395
0,0.0076819099,0.0029859219,0.3735918403,0.0000004653,0.0000006931,0.2999294996,0.5013309717,0.5822182894,0.6501443386,0.0006948688,0.0018328853,0.1230168268,0.0005545150,0.0003528289
0,0.2247146368,0.1660622954,0.0010288425,0.0000007613,0.0000008672,0.0252361633,0.0558835156,0.1496275663,0.3637566864,0.0186777934,0.0189610142,0.3067852259,0.2967982888,0.4922260940
0,0.0003975673,0.0004147045,0.3153589964,0.0000021106,0.0000043570,0.0063075493,0.0037916519,0.0231609214,0.0617792718,0.1614533514,0.0982667655,0.5405229330,0.0003614322,0.0002615589
0,0.0007374132,0.0022953157,0.1872138530,0.0000022398,0.0000035331,0.0302764680,0.1048819423,0.0672772303,0.1599287242,0.0183231812,0.0376583152,0.0454912893,0.0132829081,0.0137346368
0,0.0263805073,0.0114427535,0.0164417904,0.0000006643,0.0000001239,0.0546078198,0.0967308357,0.5437736511,0.6508438587,0.0053729862,0.0117355669,0.0780603737,0.0000022387,0.0000012988
0,0.2175995559,0.1500040740,0.0008377833,0.0000004095,0.0000003651,0.1146810278,0.0744437352,0.5463339090,0.3739350438,0.0053181322,0.0068729622,0.0887256414,0.0000150275,0.0000206054
0,0.4134323895,0.5018887520,0.0036373087,0.0000000658,0.0000001130,0.6097924113,0.3729283214,0.4402626157,0.7201649547,0.0047984831,0.0001061736,0.0010762940,0.0005417879,0.0003530614
0,0.0147520350,0.0102238972,0.3284474611,0.0000004526,0.0000000887,0.2169167995,0.0902778208,0.4434427023,0.4174430966,0.0104496814,0.0012962791,0.0116056791,0.0000221890,0.0000120855
0,0.0179225374,0.0197151378,0.1849849373,0.0000001597,0.0000005571,0.0106120920,0.0082622850,0.0454055369,0.0509161577,0.0797766224,0.0681583360,0.0160541665,0.0000003051,0.0000002132
0,0.2482146323,0.1759674698,0.0027988369,0.0000003266,0.0000002286,0.0689524338,0.0516739264,0.3436607718,0.4590302110,0.0087840762,0.0067030657,0.0360966660,0.0000008536,0.0000006894
0,0.2151053846,0.1552302539,0.0032586325,0.0000013855,0.0000004895,0.8103194237,0.8218797445,0.4910341799,0.4067339599,0.0003417495,0.0000846980,0.4443423748,0.0034767615,0.0068680760
0,0.1419867873,0.1561012864,0.0016131402,0.0000003086,0.0000013710,0.0926973969,0.1553532183,0.7728567123,0.5424634814,0.0032310681,0.0050820303,0.0072960989,0.1380981058,0.1123628020
0,0.2330299914,0.1421835572,0.0020532929,0.0000001930,0.0000007273,0.1932268590,0.1646443456,0.3549812138,0.6279427409,0.0052369339,0.0020424800,0.0109004751,0.0407231972,0.0339609571
0,0.0017321700,0.0098246355,0.1634271592,0.0000012983,0.0000008775,0.0548163392,0.0587713718,0.2085583210,0.2036681324,0.0175884217,0.0089944415,0.8449653387,0.0076888809,0.0367309339
0,0.0000964929,0.0000780127,0.9101093411,0.0000017557,0.0000003399,0.0206400324,0.0129042314,0.0919919759,0.1510800272,0.0396079943,0.0513966493,0.0094066197,0.0000001518,0.0000001348
0,0.0119065652,0.0171642192,0.0398198143,0.0000007814,0.0000004798,0.0132895028,0.0153168077,0.1486345679,0.3293131590,0.0412268527,0.0290525444,0.0198337864,0.0000052406,0.0000019791
0,0.7879614830,0.7960025668,0.0000916728,0.0000002087,0.0000012684,0.0238376819,0.0890468583,0.0802613571,0.2675682306,0.0092331078,0.0152839767,0.5361821055,0.0269101653,0.0321717151
0,0.0457488932,0.1699786782,0.0010324212,0.0000007858,0.0000028570,0.1017162278,0.2185861468,0.1384186596,0.6382167339,0.0092804376,0.0022602645,0.0031411301,0.1520489752,0.1737175882
0,0.8496828675,0.8654402494,0.0001423197,0.0000002371,0.0000015815,0.6320892572,0.7510980368,0.5909829736,0.3473261893,0.0004700480,0.0004074923,0.0011844740,0.1561166793,0.0907151848
0,0.0023458090,0.0016874252,0.4893495440,0.0000006919,0.0000004994,0.0262933914,0.0423196666,0.1319070905,0.0933489874,0.0144870607,0.0236000270,0.0044008978,0.0000118425,0.0000027380
0,0.1819143444,0.1969919801,0.0005474192,0.0000002118,0.0000001188,0.0718613788,0.0517006665,0.4018633366,0.5237411857,0.0141828889,0.0040738829,0.0116417650,0.0000110611,0.0000094040
0,0.1278281510,0.0958982334,0.0070425626,0.0000012094,0.0000001345,0.0492915548,0.0394445807,0.3476453722,0.3357895315,0.0280267783,0.0127901565,0.0078427726,0.0000008597,0.0000013098
0,0.0039136149,0.0082724458,0.1110323668,0.0000007780,0.0000010950,0.0058468394,0.0080721173,0.0191732980,0.0289251711,0.1104225963,0.1203781813,0.0638390407,0.0003633332,0.0004268494
0,0.1067661047,0.0070682918,0.0336515345,0.0000001663,0.0000001068,0.0054037571,0.0350840054,0.0161791872,0.2512200773,0.0434646010,0.0427946039,0.0013475233,0.0000283871,0.0000192867
0,0.3541823626,0.2864970863,0.0002634123,0.0000006998,0.0000008357,0.1066437960,0.1354613900,0.6191749573,0.6019982696,0.0077078803,0.0058597974,0.7468932271,0.7261958122,0.8250946999
0,0.1625054777,0.2814699709,0.0144897019,0.0000001746,0.0000005486,0.2904413044,0.1807316840,0.1701917946,0.0538182743,0.0061543393,0.0027034869,0.0001735225,0.2051833868,0.2175583541
0,0.2795003057,0.2230554223,0.0089446977,0.0000025140,0.0000018440,0.6887203455,0.6787039042,0.4408873916,0.6527549028,0.0009155945,0.0002695089,0.7630179524,0.9459902048,0.9430668950
0,0.4285265505,0.3856311738,0.0005536349,0.0000008978,0.0000019265,0.5504003167,0.3249258399,0.4584355652,0.7271977663,0.0014085385,0.0006354971,0.5097560287,0.0969245657,0.0678277016
0,0.0000817045,0.0002530654,0.6969138384,0.0000072791,0.0000076137,0.0760858431,0.0820997804,0.1924443543,0.1877473742,0.0283623561,0.0210238118,0.2220741361,0.1526270360,0.1039167643
0,0.6223075986,0.6345204115,0.0000873503,0.0000001066,0.0000001226,0.1522579193,0.1783632487,0.3373335600,0.6185867786,0.0047907885,0.0025063215,0.0012403268,0.0000913906,0.0001068186
0,0.0033710999,0.0089605628,0.1490217298,0.0000040092,0.0000017578,0.3255377114,0.3607721627,0.3086476624,0.5911420584,0.0018763060,0.0043887971,0.0275754780,0.4043729603,0.2597081363
0,0.3853205144,0.1505748183,0.0158314388,0.0000026163,0.0000011337,0.4144551456,0.5478862524,0.4925230443,0.6840302944,0.0011084286,0.0017833224,0.5257655382,0.2163245529,0.2336315215
0,0.2407285124,0.2714655995,0.0002256490,0.0000011728,0.0000013838,0.2097626179,0.1521770358,0.3107235432,0.6885501146,0.0058749444,0.0036154892,0.4727205336,0.0242307130,0.0288637970
0,0.0386727825,0.1050726697,0.0124754263,0.0000119880,0.0000036692,0.1122203618,0.3993608057,0.7023806572,0.5984272957,0.0032285366,0.0078122993,0.3264081180,0.7921749353,0.6397640705
0,0.2116356194,0.1659937501,0.0008724394,0.0000008621,0.0000003976,0.2680681050,0.3512908816,0.4602877796,0.5237002373,0.0017565396,0.0018806941,0.0048366203,0.0000013262,0.0000002852
0,0.0420573540,0.0002679463,0.0675200224,0.0000009684,0.0000005355,0.0263494775,0.1294331551,0.0974532813,0.6732656956,0.0068872627,0.0104533946,0.2918938994,0.3751505613,0.2378807515
0,0.0107560763,0.0114286365,0.0391486846,0.0000002853,0.0000000200,0.1481501460,0.1593611836,0.4010542035,0.2454742491,0.0073129376,0.0018507456,0.0120200804,0.0001211124,0.0003911667
0,0.2186510563,0.3299560547,0.0011749275,0.0000025572,0.0000009417,0.6235117316,0.7881993055,0.4994818270,0.4893771410,0.0004234092,0.0003592740,0.2078838199,0.6188558340,0.6633311510
0,0.0288409013,0.0148449698,0.0623370260,0.0000001471,0.0000000472,0.1220803931,0.0740920752,0.1568708122,0.4056203067,0.0181523319,0.0024284604,0.0015892439,0.0034456600,0.0058952565
0,0.2177706212,0.2833265066,0.0036415795,0.0000001579,0.0000003240,0.4617105722,0.3976803124,0.4141046703,0.2188412547,0.0016457377,0.0006379006,0.0093478318,0.0000820982,0.0000830858
0,0.0000858807,0.0001086891,0.7803812027,0.0000003136,0.0000000832,0.0821281224,0.0289958306,0.0542844757,0.3687666655,0.0890214443,0.0054165781,0.1150059104,0.0026032859,0.0108577181
0,0.2006885707,0.1615779698,0.0016224092,0.0000010081,0.0000004651,0.5621862411,0.6591877937,0.6017272472,0.5900518298,0.0007825326,0.0003533715,0.2765028179,0.4965235591,0.5982086658
0,0.0812965333,0.1528103948,0.0007775612,0.0000036062,0.0000006196,0.1453333646,0.2930872440,0.6587121487,0.5869265199,0.0030331037,0.0051823431,0.3208426833,0.7641972899,0.7827761173
0,0.0030646506,0.0021527766,0.0097943405,0.0000027502,0.0000015836,0.0159022268,0.0099027576,0.0998968929,0.2666109502,0.0652241856,0.0364775211,0.1229272336,0.3598576486,0.4910765588
0,0.0006136351,0.0004667926,0.4438252151,0.0000001066,0.0000001070,0.0262403153,0.0409735963,0.0743608028,0.2238987833,0.0533677228,0.0168467909,0.0073600546,0.0000065269,0.0000044739
0,0.0015614093,0.0009792094,0.2942956686,0.0000016073,0.0000010433,0.1782012433,0.2606491148,0.0582720190,0.2368658483,0.0081511661,0.0022307213,0.0223823264,0.3154731989,0.5422551632
0,0.6641615629,0.6603572965,0.0006095706,0.0000018923,0.0000023842,0.0594421886,0.0899970531,0.4959095120,0.3842318058,0.0115098488,0.0144906342,0.7572804093,0.7449453473,0.8278459311
0,0.0596191995,0.0484214202,0.0337669589,0.0000002503,0.0000006550,0.0148763629,0.0134761455,0.1676497310,0.0683170706,0.0326225013,0.0319785178,0.0276349895,0.0000401281,0.0000151414
0,0.0688901916,0.0384048261,0.0202442873,0.0000018279,0.0000037994,0.0075787399,0.0062716817,0.0409802794,0.1810790747,0.1747443825,0.0509791672,0.3889694512,0.1314399242,0.2438707948
0,0.0000115315,0.0000092888,0.9615057707,0.0000001931,0.0000001560,0.0249831695,0.0308704972,0.0540986955,0.1429113746,0.0397109129,0.0314245336,0.0064074383,0.0000112431,0.0000126473
0,0.0238992386,0.0191099048,0.0438489541,0.0000065253,0.0000004868,0.0413027629,0.1338659227,0.1114927679,0.4256202281,0.0113157276,0.0156268068,0.3531447947,0.0024642716,0.0064897328
0,0.0848188475,0.2882709801,0.0001770410,0.0000009862,0.0000015902,0.2935299575,0.1194940209,0.4250712693,0.7397428751,0.0071643046,0.0016058015,0.0488926880,0.0569449961,0.1553810090
0,0.3953660131,0.2619271874,0.0043514520,0.0000003077,0.0000002218,0.1219204143,0.0844598189,0.1340560615,0.3598319590,0.0150129357,0.0031207930,0.2461673021,0.0000187293,0.0000168009
0,0.0378136411,0.0173026156,0.0152647477,0.0000005628,0.0000016882,0.0235054735,0.1026316583,0.3006538451,0.3196512461,0.0052820607,0.0233925506,0.0126643106,0.0001497013,0.0000344856
0,0.1771797389,0.1236255541,0.0033321290,0.0000009290,0.0000032907,0.0032551526,0.0119249690,0.0502667576,0.2259951234,0.0703699365,0.0702804103,0.4277149439,0.1108229756,0.0816233382
0,0.0828382149,0.0332564600,0.0513399914,0.0000010532,0.0000007968,0.0156620089,0.0197619256,0.2692840099,0.4201770425,0.0252878722,0.0369142108,0.0252665952,0.0000023212,0.0000024084
0,0.1870949268,0.2226860374,0.0005449321,0.0000004985,0.0000003171,0.6644865274,0.6959649324,0.5349247456,0.6957072616,0.0004889074,0.0001072369,0.0220773611,0.0174335297,0.0176561847
0,0.1341976374,0.1003463119,0.0158078671,0.0000002471,0.0000001278,0.0301894192,0.0507139228,0.2027116716,0.3259259462,0.0130576380,0.0174294636,0.0058414983,0.0001192997,0.0000456859
0,0.0008442701,0.0002611430,0.5406699181,0.0000002827,0.0000007133,0.0058470359,0.0195496138,0.0087964619,0.0298194792,0.0495139323,0.0708172694,0.0500446148,0.0000606457,0.0000481704
0,0.0006772904,0.0007289311,0.7694410086,0.0000006557,0.0000004766,0.0066912747,0.0090115322,0.0643962026,0.1677494943,0.0568511263,0.0408008322,0.0291735474,0.0000010725,0.0000007955
0,0.0155354198,0.0369725861,0.1799716800,0.0000000791,0.0000000262,0.1204081029,0.1051707268,0.2364714742,0.5600069165,0.0191167723,0.0035308544,0.0039047396,0.0000009128,0.0000036738
0,0.0003887049,0.0002285254,0.7286779284,0.0000019219,0.0000004017,0.0961586609,0.5821902156,0.7921650410,0.3450396955,0.0013716441,0.0123354327,0.0002370164,0.0551997349,0.0783323348
0,0.0743637159,0.0338701606,0.0135405203,0.0000002093,0.0000001753,0.1238434985,0.2802908421,0.2424250692,0.3742443621,0.0020312499,0.0042585339,0.0011606241,0.0454188399,0.0385164507
0,0.0004089895,0.0000277787,0.6883510947,0.0000008137,0.0000010280,0.0016002684,0.0083255274,0.0113396151,0.0336810313,0.0527852774,0.2178521603,0.0194692705,0.0004861701,0.0003619874
0,0.0004476949,0.0004513547,0.7709645629,0.0000013378,0.0000011308,0.0479383022,0.0955112278,0.0517972521,0.0866361484,0.0102465525,0.0154934237,0.1764773130,0.0000057193,0.0000035794
0,0.0177956764,0.0188323054,0.0278920382,0.0000006856,0.0000001248,0.0326320454,0.0605594516,0.3736134768,0.2968657911,0.0087209623,0.0149234505,0.0205042902,0.0000012478,0.0000009251
0,0.1605388820,0.3574547172,0.0054903207,0.0000001009,0.0000001543,0.3481417298,0.2993695736,0.5470210314,0.4165595770,0.0032526287,0.0008762567,0.0546032153,0.0003629223,0.0005587240
0,0.4133196771,0.3009718955,0.0002071423,0.0000004655,0.0000005308,0.4746799469,0.6047881842,0.5594823360,0.7988069057,0.0005642617,0.0012341923,0.0024804438,0.3397463262,0.4344891608
0,0.5599141121,0.6103233099,0.0003646867,0.0000028503,0.0000017625,0.1470969766,0.2240544856,0.3701888323,0.0964643210,0.0037624743,0.0055777910,0.0226359963,0.0401527248,0.0466523878
0,0.0015801813,0.0012738610,0.3301599026,0.0000017497,0.0000002110,0.4150550067,0.0859843493,0.2173791975,0.2431523055,0.0101316795,0.0012846404,0.0093297055,0.0003144875,0.0003338095
0,0.1444090903,0.1117577404,0.0001270531,0.0000000852,0.0000000420,0.6877427101,0.5318368673,0.4368762076,0.8164777756,0.0032243885,0.0000513633,0.0020793926,0.0010433139,0.0016536838
0,0.4297128022,0.4356141686,0.0018396344,0.0000001072,0.0000002108,0.0921124443,0.0859327987,0.3268343508,0.5067181587,0.0082874540,0.0034017474,0.0030799124,0.0523490869,0.0447735228
0,0.0214324296,0.0062471470,0.2572616637,0.0000001674,0.0000006977,0.0202734321,0.0624359287,0.0183459930,0.0922515020,0.0168202445,0.0380798280,0.0004611469,0.0001568734,0.0000609462
0,0.0010674741,0.0075232959,0.4549157023,0.0000031401,0.0000004035,0.0514419824,0.0617973581,0.6313723326,0.1371015161,0.0099177519,0.0207198579,0.0012988090,0.0000281440,0.0000169536
0,0.0014774111,0.0040724366,0.1673131883,0.0000002529,0.0000001700,0.1300991476,0.1558293402,0.0984131396,0.2101842612,0.0119906692,0.0067257336,0.0001754455,0.0426136665,0.0948911980
0,0.0033786767,0.0015161927,0.1553073823,0.0000004258,0.0000002601,0.1661938429,0.2327861786,0.1765318513,0.3832900524,0.0029723623,0.0040119826,0.0039310642,0.0000578327,0.0000289526
0,0.0000910182,0.0014588729,0.4824377894,0.0000002991,0.0000001242,0.1933644116,0.0486802161,0.0645327345,0.5451689363,0.0641073287,0.0015392671,0.0020306816,0.0002087724,0.0002699976
0,0.0987992808,0.0735757723,0.1203420237,0.0000015305,0.0000004167,0.2071560770,0.3022370040,0.5203237534,0.2977706194,0.0016996855,0.0028064519,0.4955804944,0.6773042679,0.7313028574
0,0.1585460454,0.3953144550,0.0003665801,0.0000001804,0.0000001403,0.1957069188,0.1363364756,0.2343388051,0.2196885198,0.0062999534,0.0020079920,0.0072065121,0.0000127639,0.0000060241
0,0.0025105642,0.4355501831,0.0125555731,0.0000001683,0.0000002923,0.0277891979,0.0364983603,0.1241369024,0.0774163455,0.0154779851,0.0151549838,0.0126579497,0.0000253502,0.0000672510
0,0.0254978128,0.0210137051,0.3322066963,0.0000003056,0.0000024743,0.2132396847,0.2975290716,0.6950188279,0.4695753455,0.0017831550,0.0021759889,0.0199636705,0.0180985890,0.0059073465
0,0.0048651057,0.0023578978,0.6547685266,0.0000003347,0.0000012137,0.0141595667,0.1860498935,0.0362963565,0.0691208988,0.0092368992,0.0345278718,0.0102882199,0.0001040980,0.0000247138
0,0.0165673010,0.0205576904,0.0618248768,0.0000004892,0.0000003628,0.0203946140,0.0574736968,0.1259149760,0.3158468306,0.0099900952,0.0268124398,0.2082111090,0.0000036005,0.0000009250
0,0.0003893033,0.0003691535,0.3725806177,0.0000015900,0.0000008997,0.0124831665,0.0131623633,0.1488031745,0.1451312900,0.0441157036,0.0683053955,0.0013254756,0.0001660839,0.0000791616
0,0.1866793334,0.0516430438,0.1091490239,0.0000000229,0.0000000543,0.1870276928,0.1160302758,0.0785913542,0.6754420996,0.0341369994,0.0038742407,0.0000259862,0.0034524498,0.0021440855
0,0.5042265654,0.4894883037,0.0005358647,0.0000001435,0.0000002021,0.2598062754,0.2036926746,0.4449857473,0.6999105215,0.0025346775,0.0007921049,0.0204288792,0.0031133827,0.0063632382
0,0.3365491629,0.3703158200,0.0007083529,0.0000015312,0.0000022048,0.0953915864,0.1770539880,0.6844241023,0.4145413041,0.0033893576,0.0049684439,0.0022583110,0.0007395948,0.0002019899
0,0.0176180266,0.0052875881,0.2910861671,0.0000006058,0.0000006749,0.3329384923,0.4447301328,0.2457546145,0.2987120152,0.0029927208,0.0017356548,0.0005912108,0.8499569893,0.7809366584
0,0.0098378891,0.0035057564,0.2274707705,0.0000005627,0.0000005790,0.4315654933,0.5685995817,0.2327907681,0.2328382432,0.0006742445,0.0010345107,0.0068653733,0.0000186907,0.0000134238
0,0.0018865912,0.0882972553,0.1608633697,0.0000005627,0.0000010477,0.7235852480,0.5900353789,0.3481339514,0.3605056107,0.0008859634,0.0001490787,0.0550949685,0.0003386597,0.0002066601
0,0.0002691838,0.0015702972,0.5453633666,0.0000019303,0.0000004894,0.1448365003,0.0682884380,0.1024038270,0.6484594941,0.0139168510,0.0038410292,0.0099931899,0.0000216925,0.0000095655
0,0.0810901076,0.0869426280,0.0245346203,0.0000049548,0.0000010885,0.0513898507,0.0236270912,0.2339777946,0.1874696165,0.0416745394,0.0164647773,0.0264638793,0.0016644978,0.0016448800
0,0.0010572069,0.0118892267,0.2147342861,0.0000002826,0.0000004148,0.8004688025,0.8167922497,0.2417112440,0.2427418828,0.0006512751,0.0002308619,0.0005106376,0.0172832962,0.0201401152
0,0.0005167833,0.0003372781,0.4788582325,0.0000004253,0.0000002177,0.0081479205,0.0230665933,0.0386059582,0.0457723103,0.0318494551,0.0495418236,0.0056955717,0.0000036304,0.0000025047
0,0.3342818916,0.2593061328,0.0000566563,0.0000002338,0.0000005025,0.0597873256,0.0639781654,0.3124953508,0.3439686298,0.0093170656,0.0098244091,0.0101741618,0.0001649755,0.0001584202
0,0.0146617871,0.0240178630,0.0133940019,0.0000003025,0.0000001245,0.0741696060,0.0358752497,0.0795005932,0.3485772908,0.0306808427,0.0051590581,0.0023703815,0.0000239671,0.0000294981
0,0.0168916155,0.0039333091,0.1194950789,0.0000003458,0.0000003114,0.4472920001,0.4931891859,0.3346299827,0.4935269058,0.0008598639,0.0006630639,0.0141884172,0.0000337431,0.0000157126
0,0.0306393337,0.1196633428,0.0463814326,0.0000000779,0.0000000335,0.6867139339,0.4770505428,0.2303158939,0.6018687487,0.0036291212,0.0000428208,0.0057321955,0.0000258823,0.0000421659
0,0.0006916628,0.0000434277,0.4046642482,0.0000082613,0.0000023265,0.6100910902,0.8288459182,0.4710473418,0.4483319223,0.0002008168,0.0009786459,0.0009924429,0.0811609104,0.0164434165
0,0.1724960059,0.0878969654,0.0113826832,0.0000011413,0.0000016600,0.5942320824,0.6419491172,0.3654907644,0.3953785598,0.0006244497,0.0004334135,0.0203116890,0.0996152684,0.0729254633
0,0.0061962688,0.0048448737,0.0989826545,0.0000011242,0.0000002685,0.7549108267,0.7818927765,0.4209054708,0.4016434252,0.0003026575,0.0002354591,0.0076925564,0.0000340106,0.0000138756
0,0.1109103933,0.0410769060,0.0330685861,0.0000002423,0.0000001465,0.3679502308,0.5437686443,0.4448246360,0.5981081128,0.0014300587,0.0006806863,0.0034424178,0.1064412594,0.1211148426
0,0.0099711316,0.0057699522,0.2127621472,0.0000002032,0.0000008866,0.0017480660,0.0052790125,0.0059557003,0.0140410587,0.1005552188,0.2638257742,0.0023511392,0.0000089870,0.0000046605
0,0.1873402745,0.0966181979,0.0828252509,0.0000005399,0.0000001780,0.1191479787,0.1074466035,0.2604527175,0.4816725850,0.0059921877,0.0039243409,0.0233245846,0.0000011023,0.0000006773
0,0.0029975038,0.0048756930,0.4346701801,0.0000006347,0.0000002864,0.2366448492,0.1888327003,0.3468309343,0.4418056309,0.0043317154,0.0020586927,0.1025699079,0.0000019278,0.0000017298
0,0.3038662970,0.3092299402,0.0004791125,0.0000001545,0.0000002152,0.2813512087,0.2886517048,0.6465604305,0.5265151262,0.0021365238,0.0011848215,0.0104402434,0.0012881500,0.0016950122
0,0.0430522412,0.0140393488,0.0189201720,0.0000009485,0.0000004136,0.0092044892,0.0233240388,0.0854671597,0.2074381560,0.0250206981,0.0545904152,0.0193925276,0.0000010395,0.0000005712
0,0.0073822676,0.0103874877,0.2590134442,0.0000001909,0.0000000573,0.0471293703,0.0584322996,0.0482672825,0.3547217250,0.0289129764,0.0077031339,0.0002077242,0.0014809580,0.0023966362
0,0.0199082494,0.0162736978,0.0961480662,0.0000010902,0.0000002629,0.0161941536,0.0398556814,0.1024627984,0.2955434620,0.0125544388,0.0333705209,0.0044091418,0.0000157521,0.0000115239
0,0.0031097473,0.0003159844,0.4863699079,0.0000005995,0.0000004247,0.0474010818,0.1105668470,0.0564011224,0.1391698122,0.0105132423,0.0178851932,0.0053440901,0.0000012464,0.0000004887
0,0.0414857008,0.0070437794,0.0172624793,0.0000005369,0.0000002023,0.0467754379,0.0540449508,0.2630492449,0.5371990800,0.0117336418,0.0107862614,0.0150011582,0.0000044076,0.0000042856
0,0.0451869294,0.0017623889,0.0183255579,0.0000027044,0.0000004845,0.1782836020,0.6038548946,0.6737288237,0.6498697996,0.0003619298,0.0037230810,0.0095004998,0.0068117818,0.0011801331
0,0.4093249738,0.4348331690,0.0008830639,0.0000003973,0.0000003432,0.2261915207,0.2193211615,0.5985764265,0.6542841196,0.0043506892,0.0030587446,0.1308499426,0.0000000098,0.0000000107
0,0.0317072943,0.0467483141,0.0002589115,0.0000012373,0.0000020203,0.0211685989,0.0170406271,0.2281346917,0.3753098845,0.0378324464,0.0311358236,0.0014623908,0.0276557263,0.0179603361
0,0.0092143482,0.0064222817,0.0169022549,0.0000016108,0.0000009161,0.0924986675,0.0991487131,0.4976477921,0.2896152139,0.0052476013,0.0074950606,0.0011487050,0.0004668786,0.0002711086
0,0.0163804963,0.0022541117,0.0393928997,0.0000012547,0.0000003585,0.1430728734,0.2144390941,0.4522527158,0.1998257041,0.0018250601,0.0044825496,0.0025118482,0.0002117631,0.0001139223
0,0.3037894368,0.2713925540,0.0086960951,0.0000011969,0.0000001882,0.0292342436,0.0408532284,0.3804614842,0.3245882988,0.0139831714,0.0106905093,0.0217173081,0.0000090549,0.0000079955
0,0.0989954397,0.0969507545,0.1210290268,0.0000004570,0.0000002161,0.0511624515,0.0684994459,0.0466525331,0.1105327308,0.0121648917,0.0159987323,0.0002165310,0.0021012223,0.0010175298
0,0.0020595589,0.0559215397,0.0624006987,0.0000009438,0.0000007007,0.4223200679,0.1791040748,0.1801461130,0.5957462788,0.0086578028,0.0010332060,0.0040600216,0.7314393520,0.6714363694
0,0.1407559365,0.1608210951,0.0078541087,0.0000003704,0.0000001697,0.1341746002,0.0982934907,0.5237370729,0.6076173782,0.0078187101,0.0043413737,0.1296532303,0.0000002708,0.0000004037
0,0.5429303050,0.5891469717,0.0015363094,0.0000001025,0.0000002861,0.3493141234,0.3750542104,0.3713328540,0.3152797520,0.0032589205,0.0018808320,0.0004442330,0.0583954006,0.0488978066
0,0.0030822763,0.0026670496,0.3528934717,0.0000011749,0.0000005384,0.5151567459,0.4579972923,0.5501827002,0.6072525978,0.0009984314,0.0004357979,0.3096582890,0.0000293058,0.0000364105
0,0.1712454408,0.0437035859,0.0101809679,0.0000060320,0.0000014486,0.0492951684,0.5362573862,0.7559334040,0.0618393347,0.0006290942,0.0161558967,0.0102250064,0.3659913838,0.2745375335
0,0.7648376226,0.8027290702,0.0000112152,0.0000001051,0.0000000964,0.4884911180,0.3597118258,0.5912374258,0.6613922119,0.0019539935,0.0002505283,0.0027183548,0.0047375895,0.0108366450
0,0.0619338304,0.0795148462,0.0188387651,0.0000011476,0.0000031010,0.1562443525,0.1018942297,0.1784629971,0.2427145243,0.0166113712,0.0061315913,0.2302674502,0.0066730599,0.0049833031
0,0.0003890889,0.0012634492,0.4317375720,0.0000006640,0.0000002234,0.0775864869,0.1878614277,0.1240673512,0.1336883903,0.0051224148,0.0098967003,0.0010321130,0.0006977966,0.0003130823
0,0.1311352849,0.1039618403,0.0016609652,0.0000006950,0.0000024652,0.0719052181,0.2906133235,0.5712088346,0.2837614119,0.0018981022,0.0147901177,0.0049772919,0.0125212902,0.0022997665
0,0.0365225375,0.0360263996,0.1244747937,0.0000014019,0.0000006533,0.0535256453,0.0677433535,0.2760097086,0.6188449860,0.0138778985,0.0148349581,0.0016201886,0.5379454494,0.5492744446
0,0.4325011969,0.3621990085,0.0007566600,0.0000007517,0.0000000896,0.0983124524,0.2391525954,0.7335462570,0.4596340656,0.0038267896,0.0020934218,0.0191147272,0.0006289651,0.0018753222
0,0.0062997779,0.0017650777,0.1233424619,0.0000002152,0.0000000658,0.0340688676,0.0818056166,0.2110201418,0.1889881790,0.0103612170,0.0212779362,0.0094390400,0.0000001785,0.0000003205
0,0.0003223846,0.0002880116,0.6472082138,0.0000009242,0.0000001456,0.0035525819,0.0106462575,0.0118672978,0.0687455982,0.0679913163,0.0855474025,0.0020850801,0.0001250885,0.0000903764
0,0.0010634207,0.0007851967,0.4118844867,0.0000000980,0.0000001101,0.3117636740,0.3141050041,0.0989693701,0.3022855520,0.0057571181,0.0010963068,0.0018573984,0.0000601798,0.0000242436
0,0.1107172072,0.1539121866,0.0207048282,0.0000002882,0.0000002531,0.0349516682,0.0482443571,0.2327026874,0.4920215607,0.0190512389,0.0148228658,0.0132089593,0.0000071747,0.0000300217
0,0.1479906440,0.1848970503,0.0067304503,0.0000018281,0.0000011560,0.0528298356,0.0210535135,0.0912753344,0.1780004054,0.0591133237,0.0108511047,0.2088300884,0.0000082780,0.0000048210
